{
  "best_model": "Random Forest",
  "accuracy": 100.0,
  "f1_weighted": 100.0,
  "f1_macro": 100.0,
  "all_results": [
    {
      "Model": "Breakpoint ISPU",
      "Accuracy": 98.98,
      "Precision_W": 99.02,
      "Recall_W": 98.98,
      "F1_W": 98.99,
      "Precision_M": 88.28,
      "Recall_M": 90.86,
      "F1_M": 89.42,
      "Train_time": 0,
      "PerClass": {
        "Baik": {
          "precision": 1.0,
          "recall": 0.9976114649681529,
          "f1": 0.9988043045037863,
          "support": 10048.0
        },
        "Sedang": {
          "precision": 0.8390243902439024,
          "recall": 1.0,
          "f1": 0.9124668435013262,
          "support": 344.0
        },
        "Tidak Sehat": {
          "precision": 0.7672131147540984,
          "recall": 0.78,
          "f1": 0.7735537190082644,
          "support": 300.0
        },
        "Sangat Tidak Sehat": {
          "precision": 0.9976567076742824,
          "recall": 0.9945493478684057,
          "f1": 0.996100604406317,
          "support": 10274.0
        },
        "Berbahaya": {
          "precision": 0.8101694915254237,
          "recall": 0.7709677419354839,
          "f1": 0.7900826446280992,
          "support": 310.0
        }
      }
    },
    {
      "Model": "Random Forest",
      "Accuracy": 99.99,
      "Precision_W": 99.99,
      "Recall_W": 99.99,
      "F1_W": 99.99,
      "Precision_M": 100.0,
      "Recall_M": 100.0,
      "F1_M": 100.0,
      "Train_time": 0.717,
      "PerClass": {
        "Baik": {
          "precision": 0.9998009950248756,
          "recall": 1.0,
          "f1": 0.9999004876107075,
          "support": 10048.0
        },
        "Sedang": {
          "precision": 1.0,
          "recall": 1.0,
          "f1": 1.0,
          "support": 344.0
        },
        "Tidak Sehat": {
          "precision": 1.0,
          "recall": 1.0,
          "f1": 1.0,
          "support": 300.0
        },
        "Sangat Tidak Sehat": {
          "precision": 1.0,
          "recall": 0.9998053338524431,
          "f1": 0.999902657451572,
          "support": 10274.0
        },
        "Berbahaya": {
          "precision": 1.0,
          "recall": 1.0,
          "f1": 1.0,
          "support": 310.0
        }
      }
    },
    {
      "Model": "XGBoost",
      "Accuracy": 100.0,
      "Precision_W": 100.0,
      "Recall_W": 100.0,
      "F1_W": 100.0,
      "Precision_M": 100.0,
      "Recall_M": 100.0,
      "F1_M": 100.0,
      "Train_time": 2.58,
      "PerClass": {
        "Baik": {
          "precision": 0.9999004876107075,
          "recall": 1.0,
          "f1": 0.9999502413295517,
          "support": 10048.0
        },
        "Sedang": {
          "precision": 1.0,
          "recall": 1.0,
          "f1": 1.0,
          "support": 344.0
        },
        "Tidak Sehat": {
          "precision": 1.0,
          "recall": 1.0,
          "f1": 1.0,
          "support": 300.0
        },
        "Sangat Tidak Sehat": {
          "precision": 1.0,
          "recall": 0.9999026669262215,
          "f1": 0.9999513310945637,
          "support": 10274.0
        },
        "Berbahaya": {
          "precision": 1.0,
          "recall": 1.0,
          "f1": 1.0,
          "support": 310.0
        }
      }
    },
    {
      "Model": "LightGBM",
      "Accuracy": 100.0,
      "Precision_W": 100.0,
      "Recall_W": 100.0,
      "F1_W": 100.0,
      "Precision_M": 100.0,
      "Recall_M": 100.0,
      "F1_M": 100.0,
      "Train_time": 0.876,
      "PerClass": {
        "Baik": {
          "precision": 0.9999004876107075,
          "recall": 1.0,
          "f1": 0.9999502413295517,
          "support": 10048.0
        },
        "Sedang": {
          "precision": 1.0,
          "recall": 1.0,
          "f1": 1.0,
          "support": 344.0
        },
        "Tidak Sehat": {
          "precision": 1.0,
          "recall": 1.0,
          "f1": 1.0,
          "support": 300.0
        },
        "Sangat Tidak Sehat": {
          "precision": 1.0,
          "recall": 0.9999026669262215,
          "f1": 0.9999513310945637,
          "support": 10274.0
        },
        "Berbahaya": {
          "precision": 1.0,
          "recall": 1.0,
          "f1": 1.0,
          "support": 310.0
        }
      }
    }
  ]
}