{
  "project_name": "Air Quality Monitoring & Forecasting System (AQMS) Real-Time",
  "forecast_horizon": "60 minutes",
  "frequency_sampling": "1 minute",
  "evaluation_metrics_summary": {
    "PM2.5": {
      "best_model_architecture": "XGBoost",
      "rmse": 2.4195604964873194,
      "mae": 1.648051148806779,
      "mape": 0.10253703748616681,
      "r2": 0.4751283960829399,
      "features_used_count": 31
    },
    "PM10": {
      "best_model_architecture": "LightGBM",
      "rmse": 2.2639910898107867,
      "mae": 1.6187859470779977,
      "mape": 0.09425704085471331,
      "r2": 0.7289680388192263,
      "features_used_count": 32
    },
    "CO": {
      "best_model_architecture": "XGBoost",
      "rmse": 323.64709895776934,
      "mae": 242.94588063389966,
      "mape": 0.08259619405305987,
      "r2": 0.4667472454523337,
      "features_used_count": 32
    }
  }
}